frac,lesion_seed,noise_seed,sep_ratio,kappa_logvar,kappa_tangent,cond_max,valid,model
0.0,-1,0,1.076608933307151,0.7111111111111111,0.6666666666666667,5.575094001689344,True,flow/0000/000
0.0,-1,1,1.122196144427947,0.8222222222222222,0.7333333333333334,5.628849752125937,True,flow/0000/000
0.0,-1,2,1.1043272495519163,0.7777777777777778,0.8222222222222222,5.483383757617121,True,flow/0000/000
0.05,0,0,1.0006989314882375,0.5777777777777777,0.6888888888888889,4.796075584327416,True,flow/0000/000
0.05,0,1,1.0607535517159898,0.8,0.7777777777777778,4.774468219338245,True,flow/0000/000
0.05,0,2,1.0390379778773162,0.5555555555555556,0.8888888888888888,4.568508214198271,True,flow/0000/000
0.05,1,0,1.0012466873150971,0.6666666666666667,0.6222222222222222,5.687605519739914,True,flow/0000/000
0.05,1,1,1.0492833432548163,0.8,0.7333333333333334,5.641187500465272,True,flow/0000/000
0.05,1,2,1.0328052321154406,0.7555555555555555,0.9111111111111112,5.597373529150131,True,flow/0000/000
0.05,2,0,0.5795807247728054,0.0222222222222222,0.1111111111111111,3.1837021812219857,True,flow/0000/000
0.05,2,1,0.5753697246345039,0.0666666666666666,0.3111111111111111,3.0853491582617987,True,flow/0000/000
0.05,2,2,0.6324722345220366,0.0444444444444444,0.1777777777777778,3.133283542056826,True,flow/0000/000
0.1,0,0,1.2054152418391315,0.7333333333333334,0.8,5.760058685953067,True,flow/0000/000
0.1,0,1,1.2521000863293703,0.8888888888888888,0.8222222222222222,5.954016455052976,True,flow/0000/000
0.1,0,2,1.2469648538476807,0.7777777777777778,0.9111111111111112,5.829494573774145,True,flow/0000/000
0.1,1,0,0.7953031494305433,0.2444444444444444,0.4,4.472737715074565,True,flow/0000/000
0.1,1,1,0.8307140561686152,0.4666666666666667,0.4888888888888889,4.583265800139044,True,flow/0000/000
0.1,1,2,0.8182837465902721,0.2666666666666667,0.6222222222222222,4.516637862230623,True,flow/0000/000
0.1,2,0,0.6555851663469613,0.1555555555555555,0.1333333333333333,3.312757345825022,True,flow/0000/000
0.1,2,1,0.6430272121303092,0.2444444444444444,0.2666666666666667,3.1900137762409297,True,flow/0000/000
0.1,2,2,0.6775393842162722,0.0888888888888889,0.3777777777777777,3.1476377510723306,True,flow/0000/000
0.15,0,0,0.6988464481699725,0.3333333333333333,0.3555555555555555,4.032164313716092,True,flow/0000/000
0.15,0,1,0.7443986719739891,0.4444444444444444,0.5333333333333333,4.329440174082105,True,flow/0000/000
0.15,0,2,0.7327606596643751,0.4444444444444444,0.5777777777777777,4.359322218096118,True,flow/0000/000
0.15,1,0,0.4425543874099592,0.0222222222222222,0.0888888888888889,2.9981705996972465,True,flow/0000/000
0.15,1,1,0.426715287062655,0.2444444444444444,0.0222222222222222,2.837808411012269,True,flow/0000/000
0.15,1,2,0.4854119555244446,0.0888888888888889,0.1111111111111111,3.013204878409236,True,flow/0000/000
0.15,2,0,0.6149681765327166,0.1777777777777778,0.2888888888888888,3.9215481114063215,True,flow/0000/000
0.15,2,1,0.6395388030848007,0.2888888888888888,0.3333333333333333,3.611714332441817,True,flow/0000/000
0.15,2,2,0.6453081081274364,0.1111111111111111,0.3777777777777777,3.656560869267023,True,flow/0000/000
0.2,0,0,0.8060151200679873,0.5777777777777777,0.4444444444444444,5.267874937047223,True,flow/0000/000
0.2,0,1,0.8333038556567396,0.5555555555555556,0.5333333333333333,5.38683416418223,True,flow/0000/000
0.2,0,2,0.8431105532838437,0.6666666666666667,0.7555555555555555,5.273928490652171,True,flow/0000/000
0.2,1,0,0.363294886868476,-0.1333333333333333,-0.0666666666666666,2.6516224396070776,True,flow/0000/000
0.2,1,1,0.4129824263115063,0.2666666666666667,-0.1111111111111111,2.460197015167835,True,flow/0000/000
0.2,1,2,0.5155785205641209,-0.0444444444444445,0.0444444444444444,2.665343728133306,True,flow/0000/000
0.2,2,0,0.928439495106336,0.4,0.6666666666666667,6.4658625136140975,True,flow/0000/000
0.2,2,1,0.9859395595547856,0.5333333333333333,0.8,6.611642962470048,True,flow/0000/000
0.2,2,2,0.9431266082980778,0.4,0.8222222222222222,6.637727225762074,True,flow/0000/000
0.25,0,0,0.8016429957127991,0.2888888888888888,0.4888888888888889,4.306693105548597,True,flow/0000/000
0.25,0,1,0.8449370311749602,0.5333333333333333,0.6444444444444444,4.598346303488014,True,flow/0000/000
0.25,0,2,0.8513018645964112,0.3555555555555555,0.4666666666666667,4.352923881475335,True,flow/0000/000
0.25,1,0,0.4992259090139347,0.0444444444444444,0.0666666666666666,3.141754268634448,True,flow/0000/000
0.25,1,1,0.579382372955478,0.2888888888888888,-0.0444444444444445,3.3465727548362056,True,flow/0000/000
0.25,1,2,0.6000162603140754,0.3111111111111111,0.1555555555555555,3.369612467065946,True,flow/0000/000
0.25,2,0,0.3636283762102335,-0.1111111111111111,0.0444444444444444,2.4048913548926407,True,flow/0000/000
0.25,2,1,0.3804530811315643,0.1555555555555555,0.0,2.3649308388825685,True,flow/0000/000
0.25,2,2,0.6088912531730284,0.0222222222222222,0.0222222222222222,2.381867926933604,True,flow/0000/000
0.0,-1,0,1.7292119802494132,0.9777777777777776,0.9555555555555556,10.63725124340429,True,flow/0000/001
0.0,-1,1,1.7951819345582378,1.0,0.9555555555555556,10.94575561516705,True,flow/0000/001
0.0,-1,2,1.7461879055639231,1.0,1.0,10.021405209624492,True,flow/0000/001
0.05,0,0,1.5526687073583751,0.9777777777777776,0.9111111111111112,8.377287246423325,True,flow/0000/001
0.05,0,1,1.6268684039190604,1.0,0.9333333333333332,8.712610458956904,True,flow/0000/001
0.05,0,2,1.561162482868118,0.9777777777777776,0.8666666666666667,7.969693063272734,True,flow/0000/001
0.05,1,0,1.67613875807797,1.0,0.9777777777777776,12.287801005105452,True,flow/0000/001
0.05,1,1,1.725408816598108,1.0,0.9555555555555556,11.716497305939583,True,flow/0000/001
0.05,1,2,1.6719372628091915,1.0,0.9777777777777776,11.542034294023214,True,flow/0000/001
0.05,2,0,1.3019619916380425,0.9333333333333332,0.9111111111111112,8.706966932090003,True,flow/0000/001
0.05,2,1,1.3600919135851,0.9555555555555556,0.8888888888888888,9.17952194421979,True,flow/0000/001
0.05,2,2,1.3502293805886214,1.0,0.8444444444444444,8.176325208581103,True,flow/0000/001
0.1,0,0,1.5551391040649685,0.9777777777777776,0.9333333333333332,8.587307538942627,True,flow/0000/001
0.1,0,1,1.5983096468060851,0.9111111111111112,0.9555555555555556,8.970699128638149,True,flow/0000/001
0.1,0,2,1.5599109794606412,0.9777777777777776,0.9555555555555556,8.358525009563492,True,flow/0000/001
0.1,1,0,0.4185401242420266,-0.0222222222222221,0.0666666666666666,2.884550105278018,True,flow/0000/001
0.1,1,1,0.4560831321790199,0.1111111111111111,0.0666666666666666,2.8792816330547364,True,flow/0000/001
0.1,1,2,0.5378321156860375,0.0888888888888889,0.1111111111111111,2.8081799606786606,True,flow/0000/001
0.1,2,0,0.6730087149010032,0.1555555555555555,0.2888888888888888,4.3099371950799945,True,flow/0000/001
0.1,2,1,0.7068036022418498,0.3555555555555555,0.4222222222222223,4.919474664398888,True,flow/0000/001
0.1,2,2,0.7076870434658968,0.1777777777777778,0.2444444444444444,4.4336919617121735,True,flow/0000/001
0.15,0,0,0.7538216101582704,0.5777777777777777,0.4222222222222223,4.878301931107215,True,flow/0000/001
0.15,0,1,0.7940744940908085,0.4666666666666667,0.5111111111111111,4.989247694883534,True,flow/0000/001
0.15,0,2,0.7995733036469411,0.5555555555555556,0.4888888888888889,4.997086054142,True,flow/0000/001
0.15,1,0,0.7081551444790174,0.3777777777777777,0.5777777777777777,6.517831988247036,True,flow/0000/001
0.15,1,1,0.7210800395678735,0.2666666666666667,0.5555555555555556,6.623185815867933,True,flow/0000/001
0.15,1,2,0.7307123240318496,0.4444444444444444,0.4,6.420786679586231,True,flow/0000/001
0.15,2,0,1.2546182281611833,0.6444444444444444,0.7333333333333334,9.347627157416431,True,flow/0000/001
0.15,2,1,1.288199284349478,0.7333333333333334,0.8666666666666667,10.193396925819943,True,flow/0000/001
0.15,2,2,1.2496795258559072,0.7555555555555555,0.9333333333333332,9.168447763141645,True,flow/0000/001
0.2,0,0,1.313013775888277,0.9111111111111112,0.7777777777777778,8.504653301747565,True,flow/0000/001
0.2,0,1,1.370007116818562,0.8666666666666667,0.9111111111111112,8.738052038918006,True,flow/0000/001
0.2,0,2,1.3258350394966212,0.9555555555555556,0.8888888888888888,8.092581702139656,True,flow/0000/001
0.2,1,0,0.4119087533047468,-0.0444444444444445,0.0,3.3581324689051795,True,flow/0000/001
0.2,1,1,0.4458316321596514,0.0444444444444444,0.0444444444444444,3.6005575494999573,True,flow/0000/001
0.2,1,2,0.4681265792532477,0.0444444444444444,0.1333333333333333,3.533157530201992,True,flow/0000/001
0.2,2,0,0.730174762468074,0.4444444444444444,0.3777777777777777,7.039014224664906,True,flow/0000/001
0.2,2,1,0.7391641828491368,0.4222222222222223,0.5111111111111111,7.316761361616667,True,flow/0000/001
0.2,2,2,0.7446369929866329,0.5111111111111111,0.3777777777777777,6.928993457061447,True,flow/0000/001
0.25,0,0,1.32198989988316,1.0,0.8666666666666667,10.405095616976322,True,flow/0000/001
0.25,0,1,1.3748989328474188,0.9555555555555556,0.8888888888888888,10.352690320688655,True,flow/0000/001
0.25,0,2,1.3181754665022465,0.9111111111111112,0.8444444444444444,10.521633756491855,True,flow/0000/001
0.25,1,0,0.5634089774614571,0.1777777777777778,0.2666666666666667,5.528251518669238,True,flow/0000/001
0.25,1,1,0.5968574345560486,0.1555555555555555,0.2444444444444444,5.659935561338005,True,flow/0000/001
0.25,1,2,0.5879911639634992,0.2444444444444444,0.3777777777777777,5.101102934657175,True,flow/0000/001
0.25,2,0,0.594237266614887,0.3333333333333333,0.1333333333333333,5.230758751932594,True,flow/0000/001
0.25,2,1,0.5931191073857621,0.3333333333333333,0.4666666666666667,5.438136604571522,True,flow/0000/001
0.25,2,2,0.6547318404018241,0.4222222222222223,0.5333333333333333,5.319699197784318,True,flow/0000/001
0.0,-1,0,1.1689384957649538,0.8,0.8,7.452587230487116,True,flow/0000/002
0.0,-1,1,1.2004474916877412,0.8,0.7777777777777778,7.307735710343422,True,flow/0000/002
0.0,-1,2,1.1512669791225512,0.8,0.6888888888888889,7.022580824325545,True,flow/0000/002
0.05,0,0,1.2730196334135355,0.8,0.8222222222222222,8.879595503308128,True,flow/0000/002
0.05,0,1,1.2983278571273686,0.7777777777777778,0.8444444444444444,8.75766231840158,True,flow/0000/002
0.05,0,2,1.2783824840894658,0.8222222222222222,0.7555555555555555,8.794907384052193,True,flow/0000/002
0.05,1,0,0.3771490776834466,-0.0222222222222221,0.1777777777777778,2.541390650067992,True,flow/0000/002
0.05,1,1,0.4460269761943787,0.1333333333333333,-0.0666666666666666,2.480902096114083,True,flow/0000/002
0.05,1,2,0.5311832308935724,0.1111111111111111,0.0444444444444444,2.5062593879073183,True,flow/0000/002
0.05,2,0,0.8139812656185992,0.6,0.6888888888888889,6.443417394470088,True,flow/0000/002
0.05,2,1,0.8546887120518872,0.6444444444444444,0.5555555555555556,6.289948906589968,True,flow/0000/002
0.05,2,2,0.8008308651729428,0.6,0.3333333333333333,6.167559094585183,True,flow/0000/002
0.1,0,0,0.3765278008367207,0.0,0.0888888888888889,3.136105258039248,True,flow/0000/002
0.1,0,1,0.3581272301640666,0.0222222222222222,0.0444444444444444,3.142352030615873,True,flow/0000/002
0.1,0,2,0.4813303152539282,0.0666666666666666,0.1111111111111111,3.0576236645701136,True,flow/0000/002
0.1,1,0,0.9787430447272494,0.6666666666666667,0.7333333333333334,7.598084162593868,True,flow/0000/002
0.1,1,1,0.9963367181456012,0.6888888888888889,0.6888888888888889,7.223732953380092,True,flow/0000/002
0.1,1,2,0.9881392190268022,0.7111111111111111,0.7333333333333334,7.320177337000269,True,flow/0000/002
0.1,2,0,0.3511235631890498,-0.0666666666666666,-0.0888888888888888,13.525836348973517,True,flow/0000/002
0.1,2,1,0.3646580789363282,-0.0444444444444445,-0.1111111111111111,13.546440669928982,True,flow/0000/002
0.1,2,2,0.4010233375074073,0.0888888888888889,-0.0222222222222221,13.272524262696365,True,flow/0000/002
0.15,0,0,0.739144385661666,0.3333333333333333,0.4222222222222223,7.294380314093022,True,flow/0000/002
0.15,0,1,0.7649845103101537,0.5333333333333333,0.4444444444444444,7.148887071777777,True,flow/0000/002
0.15,0,2,0.7785043370591334,0.4444444444444444,0.4888888888888889,7.184896446744564,True,flow/0000/002
0.15,1,0,0.3613487919312826,-0.0222222222222221,-0.1111111111111111,3.2702728088199446,True,flow/0000/002
0.15,1,1,0.3535931114686262,0.1111111111111111,0.0,3.194044376614322,True,flow/0000/002
0.15,1,2,0.4505560710100703,-0.0666666666666666,0.0444444444444444,3.151996290332298,True,flow/0000/002
0.15,2,0,0.8192731843720408,0.4888888888888889,0.6888888888888889,7.672938839220094,True,flow/0000/002
0.15,2,1,0.8330826483932877,0.6222222222222222,0.4888888888888889,7.708360145986378,True,flow/0000/002
0.15,2,2,0.8229703155657052,0.6666666666666667,0.3333333333333333,6.936346730861435,True,flow/0000/002
0.2,0,0,0.8275633736290479,0.6222222222222222,0.4888888888888889,8.83342672675361,True,flow/0000/002
0.2,0,1,0.8478409692987202,0.6444444444444444,0.4888888888888889,8.461798528583671,True,flow/0000/002
0.2,0,2,0.874027597554391,0.7777777777777778,0.6,8.884620318642554,True,flow/0000/002
0.2,1,0,0.4965052594175403,-0.0444444444444445,0.1555555555555555,3.05844117361913,True,flow/0000/002
0.2,1,1,0.4958740991663442,0.1333333333333333,0.1555555555555555,2.9220543523787184,True,flow/0000/002
0.2,1,2,0.5292241196865035,0.1111111111111111,0.1333333333333333,2.904890609847129,True,flow/0000/002
0.2,2,0,0.3588666972220101,0.0222222222222222,0.0,4.228960841195879,True,flow/0000/002
0.2,2,1,0.3534927013512839,0.0444444444444444,-0.1111111111111111,3.817893261300165,True,flow/0000/002
0.2,2,2,0.4208015087588713,0.0222222222222222,-0.1555555555555554,4.038411057877222,True,flow/0000/002
0.25,0,0,0.7471939110595461,0.3555555555555555,0.4222222222222223,5.623500861973333,True,flow/0000/002
0.25,0,1,0.7702393759678557,0.4,0.4222222222222223,5.503823150051374,True,flow/0000/002
0.25,0,2,0.787991589349318,0.4888888888888889,0.4,5.684587468400806,True,flow/0000/002
0.25,1,0,0.3284953081782724,-0.0444444444444445,0.1111111111111111,2.399921984821541,True,flow/0000/002
0.25,1,1,0.4242950630497173,0.1333333333333333,0.0666666666666666,2.4126997590653465,True,flow/0000/002
0.25,1,2,0.665578461209516,0.0,0.0,2.4589276988724493,True,flow/0000/002
0.25,2,0,0.345219732039387,-0.0444444444444445,-0.0222222222222221,14.209807340229744,True,flow/0000/002
0.25,2,1,0.3600596860141293,-0.0666666666666666,-0.0888888888888888,14.454560252455993,True,flow/0000/002
0.25,2,2,0.4040918215124129,0.0888888888888889,-0.0888888888888888,14.273016184474846,True,flow/0000/002
