condition,kind,n_cut,noise_seed,sep_ratio,kappa_logvar,kappa_tangent,cond_max,valid,model
intact,intact,0,0,1.076608933307151,0.7111111111111111,0.6666666666666667,5.575094001689344,True,flow/0000/000
intact,intact,0,1,1.122196144427947,0.8222222222222222,0.7333333333333334,5.628849752125937,True,flow/0000/000
intact,intact,0,2,1.1043272495519163,0.7777777777777778,0.8222222222222222,5.483383757617121,True,flow/0000/000
onto_T4,targeted,44,0,0.699300575600983,0.1555555555555555,0.4222222222222223,4.5755407266733465,True,flow/0000/000
onto_T4,targeted,44,1,0.7963771570077465,0.4,0.6444444444444444,4.787026758947124,True,flow/0000/000
onto_T4,targeted,44,2,0.7472183090408939,0.2222222222222222,0.6,4.772869059991813,True,flow/0000/000
onto_T5,targeted,35,0,0.875649667399396,0.5777777777777777,0.3777777777777777,4.904593552216854,True,flow/0000/000
onto_T5,targeted,35,1,0.8864597641426699,0.6,0.6,5.078022408635127,True,flow/0000/000
onto_T5,targeted,35,2,0.8969099873686003,0.6444444444444444,0.5555555555555556,4.863392398644112,True,flow/0000/000
onto_T4_and_T5,targeted,79,0,0.4265322215608118,-0.0444444444444445,0.1777777777777778,3.907388721106379,True,flow/0000/000
onto_T4_and_T5,targeted,79,1,0.4969498875608854,0.2666666666666667,0.2222222222222222,4.122891225734056,True,flow/0000/000
onto_T4_and_T5,targeted,79,2,0.4873322864951847,0.2222222222222222,0.2222222222222222,4.268799694615467,True,flow/0000/000
from_photoreceptor,targeted,44,0,0.3285304092413511,-0.0666666666666666,0.0444444444444444,2.4000844447106973,True,flow/0000/000
from_photoreceptor,targeted,44,1,0.4149265277255102,0.1555555555555555,-0.1555555555555554,2.405182460308788,True,flow/0000/000
from_photoreceptor,targeted,44,2,0.6887107436354366,0.0,-0.0888888888888888,2.4082991045424467,True,flow/0000/000
T4_canonical_input,targeted,16,0,0.6990410252145524,0.1555555555555555,0.4,4.994895956174426,True,flow/0000/000
T4_canonical_input,targeted,16,1,0.7983024996269654,0.4444444444444444,0.6222222222222222,5.189285315034447,True,flow/0000/000
T4_canonical_input,targeted,16,2,0.7548511258564852,0.2444444444444444,0.5777777777777777,5.138781997600672,True,flow/0000/000
random_match_onto_T4_s0,random,44,0,0.8829918044270829,0.1777777777777778,0.6444444444444444,4.878173576040471,True,flow/0000/000
random_match_onto_T4_s0,random,44,1,0.9286656512778746,0.5555555555555556,0.7111111111111111,5.136970349487502,True,flow/0000/000
random_match_onto_T4_s0,random,44,2,0.8902218262720685,0.3555555555555555,0.7555555555555555,4.7368262285571765,True,flow/0000/000
random_match_onto_T4_s1,random,44,0,0.6707863891926421,0.0666666666666666,0.4,3.5613981632803577,True,flow/0000/000
random_match_onto_T4_s1,random,44,1,0.7132239728662844,0.5111111111111111,0.6,3.62383223955731,True,flow/0000/000
random_match_onto_T4_s1,random,44,2,0.7234048148092906,0.1999999999999999,0.7111111111111111,3.812149538432591,True,flow/0000/000
random_match_onto_T4_s2,random,44,0,0.9113761934194295,0.7111111111111111,0.5111111111111111,6.753464250544308,True,flow/0000/000
random_match_onto_T4_s2,random,44,1,0.9287203091862548,0.7555555555555555,0.5777777777777777,6.946936540702831,True,flow/0000/000
random_match_onto_T4_s2,random,44,2,0.9091828532940514,0.8666666666666667,0.6666666666666667,6.439719681811646,True,flow/0000/000
random_match_onto_T5_s0,random,35,0,1.0423094773866617,0.5333333333333333,0.7555555555555555,5.750564406303607,True,flow/0000/000
random_match_onto_T5_s0,random,35,1,1.0918142720816544,0.6444444444444444,0.7555555555555555,5.8206312201426575,True,flow/0000/000
random_match_onto_T5_s0,random,35,2,1.0856584855925824,0.6666666666666667,0.9333333333333332,5.750453015390703,True,flow/0000/000
random_match_onto_T5_s1,random,35,0,1.0482032230304918,0.6666666666666667,0.6222222222222222,5.528710713099439,True,flow/0000/000
random_match_onto_T5_s1,random,35,1,1.0799419529660328,0.8222222222222222,0.8444444444444444,5.707959945727653,True,flow/0000/000
random_match_onto_T5_s1,random,35,2,1.0634420213649738,0.7777777777777778,0.8,5.415379513450161,True,flow/0000/000
random_match_onto_T5_s2,random,35,0,0.894871540188862,0.4888888888888889,0.5111111111111111,5.620072558600267,True,flow/0000/000
random_match_onto_T5_s2,random,35,1,0.9256837229712284,0.7333333333333334,0.7333333333333334,5.852857667326858,True,flow/0000/000
random_match_onto_T5_s2,random,35,2,0.9231322370450904,0.6222222222222222,0.6666666666666667,5.597325179400674,True,flow/0000/000
random_match_onto_T4_and_T5_s0,random,79,0,0.7742231220246723,0.3555555555555555,0.3111111111111111,4.337594573281262,True,flow/0000/000
random_match_onto_T4_and_T5_s0,random,79,1,0.7914081847918895,0.4888888888888889,0.4666666666666667,4.224637443539673,True,flow/0000/000
random_match_onto_T4_and_T5_s0,random,79,2,0.7859667169315105,0.5555555555555556,0.6666666666666667,4.0470784645738975,True,flow/0000/000
random_match_onto_T4_and_T5_s1,random,79,0,1.366696953172883,0.8,0.8,7.725699004879647,True,flow/0000/000
random_match_onto_T4_and_T5_s1,random,79,1,1.404076679925109,0.8888888888888888,0.9333333333333332,7.610530833130541,True,flow/0000/000
random_match_onto_T4_and_T5_s1,random,79,2,1.3914501581900065,0.8444444444444444,0.8888888888888888,7.421728671807546,True,flow/0000/000
random_match_onto_T4_and_T5_s2,random,79,0,0.8310110450147307,0.2222222222222222,0.5555555555555556,4.983458729509717,True,flow/0000/000
random_match_onto_T4_and_T5_s2,random,79,1,0.8934644128854455,0.5333333333333333,0.7111111111111111,4.648344768603836,True,flow/0000/000
random_match_onto_T4_and_T5_s2,random,79,2,0.8446963623230451,0.3111111111111111,0.7777777777777778,4.6467567048730265,True,flow/0000/000
random_match_from_photoreceptor_s0,random,44,0,0.8829918044270829,0.1777777777777778,0.6444444444444444,4.878173576040471,True,flow/0000/000
random_match_from_photoreceptor_s0,random,44,1,0.9286656512778746,0.5555555555555556,0.7111111111111111,5.136970349487502,True,flow/0000/000
random_match_from_photoreceptor_s0,random,44,2,0.8902218262720685,0.3555555555555555,0.7555555555555555,4.7368262285571765,True,flow/0000/000
random_match_from_photoreceptor_s1,random,44,0,0.6707863891926421,0.0666666666666666,0.4,3.5613981632803577,True,flow/0000/000
random_match_from_photoreceptor_s1,random,44,1,0.7132239728662844,0.5111111111111111,0.6,3.62383223955731,True,flow/0000/000
random_match_from_photoreceptor_s1,random,44,2,0.7234048148092906,0.1999999999999999,0.7111111111111111,3.812149538432591,True,flow/0000/000
random_match_from_photoreceptor_s2,random,44,0,0.9113761934194295,0.7111111111111111,0.5111111111111111,6.753464250544308,True,flow/0000/000
random_match_from_photoreceptor_s2,random,44,1,0.9287203091862548,0.7555555555555555,0.5777777777777777,6.946936540702831,True,flow/0000/000
random_match_from_photoreceptor_s2,random,44,2,0.9091828532940514,0.8666666666666667,0.6666666666666667,6.439719681811646,True,flow/0000/000
random_match_T4_canonical_input_s0,random,16,0,1.015912091478056,0.5777777777777777,0.5777777777777777,5.2951030195053805,True,flow/0000/000
random_match_T4_canonical_input_s0,random,16,1,1.0590049726629425,0.7777777777777778,0.6666666666666667,5.301098900662383,True,flow/0000/000
random_match_T4_canonical_input_s0,random,16,2,1.0456810448515093,0.7111111111111111,0.8,5.209779585750156,True,flow/0000/000
random_match_T4_canonical_input_s1,random,16,0,0.6353466090517429,0.2222222222222222,0.3333333333333333,4.101578322567494,True,flow/0000/000
random_match_T4_canonical_input_s1,random,16,1,0.6440494195498853,0.2444444444444444,0.4,4.131806165070774,True,flow/0000/000
random_match_T4_canonical_input_s1,random,16,2,0.6267192121849621,0.3555555555555555,0.3555555555555555,3.89305021643312,True,flow/0000/000
random_match_T4_canonical_input_s2,random,16,0,1.0666213909397466,0.7111111111111111,0.6666666666666667,5.693817206966307,True,flow/0000/000
random_match_T4_canonical_input_s2,random,16,1,1.1094770347431269,0.8,0.8222222222222222,5.67581202700271,True,flow/0000/000
random_match_T4_canonical_input_s2,random,16,2,1.0891106632062917,0.7333333333333334,0.8222222222222222,5.633264701858213,True,flow/0000/000
intact,intact,0,0,1.729211997512746,0.9777777777777776,0.9555555555555556,10.63725111847305,True,flow/0000/001
intact,intact,0,1,1.795181946790388,1.0,0.9555555555555556,10.945755491638076,True,flow/0000/001
intact,intact,0,2,1.746187915441517,1.0,1.0,10.02140494682672,True,flow/0000/001
onto_T4,targeted,44,0,0.6888273870297195,0.2888888888888888,0.3333333333333333,8.961476767526742,True,flow/0000/001
onto_T4,targeted,44,1,0.7299095180349449,0.4666666666666667,0.4888888888888889,9.917003572564877,True,flow/0000/001
onto_T4,targeted,44,2,0.7699169119941361,0.4,0.6,8.855976127217938,True,flow/0000/001
onto_T5,targeted,35,0,1.732187463566809,0.9777777777777776,0.9777777777777776,10.913875423756773,True,flow/0000/001
onto_T5,targeted,35,1,1.7994135574823984,1.0,0.9777777777777776,11.17431554071148,True,flow/0000/001
onto_T5,targeted,35,2,1.7486078257849822,1.0,1.0,10.272549482604562,True,flow/0000/001
onto_T4_and_T5,targeted,79,0,0.694284386297091,0.2444444444444444,0.3555555555555555,9.139359987894522,True,flow/0000/001
onto_T4_and_T5,targeted,79,1,0.7375003429064865,0.4444444444444444,0.4888888888888889,10.11750623207222,True,flow/0000/001
onto_T4_and_T5,targeted,79,2,0.7798220638125442,0.4,0.5777777777777777,8.99080502142037,True,flow/0000/001
from_photoreceptor,targeted,44,0,0.3284160305507008,-0.0666666666666666,0.0888888888888889,2.398800858934996,True,flow/0000/001
from_photoreceptor,targeted,44,1,0.4165164246213964,0.1555555555555555,-0.1333333333333333,2.4052561785081115,True,flow/0000/001
from_photoreceptor,targeted,44,2,0.6885408936589515,0.0,-0.0888888888888888,2.4108298892789137,True,flow/0000/001
T4_canonical_input,targeted,16,0,0.779051308119226,0.3777777777777777,0.4666666666666667,9.535439926275671,True,flow/0000/001
T4_canonical_input,targeted,16,1,0.8268673287839253,0.5555555555555556,0.5777777777777777,10.462966268438263,True,flow/0000/001
T4_canonical_input,targeted,16,2,0.8516689832145502,0.4888888888888889,0.7333333333333334,9.411959488268913,True,flow/0000/001
random_match_onto_T4_s0,random,44,0,0.8782555457527742,0.7333333333333334,0.5777777777777777,6.830834352478094,True,flow/0000/001
random_match_onto_T4_s0,random,44,1,0.9191821275434082,0.6666666666666667,0.5555555555555556,6.732651061075128,True,flow/0000/001
random_match_onto_T4_s0,random,44,2,0.892053627390777,0.8666666666666667,0.6222222222222222,6.881985671346671,True,flow/0000/001
random_match_onto_T4_s1,random,44,0,1.484236302974525,1.0,0.8666666666666667,12.160815487394812,True,flow/0000/001
random_match_onto_T4_s1,random,44,1,1.5494460362335003,0.9555555555555556,0.9555555555555556,10.809360626999462,True,flow/0000/001
random_match_onto_T4_s1,random,44,2,1.4827706053311371,0.9555555555555556,0.9555555555555556,11.251033434726416,True,flow/0000/001
random_match_onto_T4_s2,random,44,0,0.8778186534113579,0.6888888888888889,0.5111111111111111,5.596945721908682,True,flow/0000/001
random_match_onto_T4_s2,random,44,1,0.9019171869503396,0.6666666666666667,0.6,5.813031337234679,True,flow/0000/001
random_match_onto_T4_s2,random,44,2,0.8791436793775049,0.7777777777777778,0.5111111111111111,5.313647877912422,True,flow/0000/001
random_match_onto_T5_s0,random,35,0,1.071909501590791,0.9111111111111112,0.7111111111111111,6.687512992986529,True,flow/0000/001
random_match_onto_T5_s0,random,35,1,1.1245271047049858,0.8,0.8222222222222222,6.575921538200101,True,flow/0000/001
random_match_onto_T5_s0,random,35,2,1.0799838064047182,0.9555555555555556,0.7555555555555555,6.329323979325123,True,flow/0000/001
random_match_onto_T5_s1,random,35,0,1.8885818919449937,1.0,0.9777777777777776,11.706210450941828,True,flow/0000/001
random_match_onto_T5_s1,random,35,1,1.9504230247642096,1.0,1.0,12.44928823216677,True,flow/0000/001
random_match_onto_T5_s1,random,35,2,1.8972768327957603,1.0,1.0,11.015464384143204,True,flow/0000/001
random_match_onto_T5_s2,random,35,0,1.1568033107303193,0.8444444444444444,0.7333333333333334,6.12737566062476,True,flow/0000/001
random_match_onto_T5_s2,random,35,1,1.209346006695949,0.8222222222222222,0.8444444444444444,6.294975211014914,True,flow/0000/001
random_match_onto_T5_s2,random,35,2,1.1818348044077325,0.9333333333333332,0.7777777777777778,5.960041151473721,True,flow/0000/001
random_match_onto_T4_and_T5_s0,random,79,0,1.2633256259710912,0.9333333333333332,0.8,7.580643364959834,True,flow/0000/001
random_match_onto_T4_and_T5_s0,random,79,1,1.3030688388802911,0.8888888888888888,0.8888888888888888,7.539541336679242,True,flow/0000/001
random_match_onto_T4_and_T5_s0,random,79,2,1.2566526427803684,0.9777777777777776,0.8666666666666667,7.299053355708022,True,flow/0000/001
random_match_onto_T4_and_T5_s1,random,79,0,1.527749669390731,0.9555555555555556,0.9111111111111112,11.166321352030597,True,flow/0000/001
random_match_onto_T4_and_T5_s1,random,79,1,1.59134948618343,0.9555555555555556,0.9111111111111112,11.658631424573594,True,flow/0000/001
random_match_onto_T4_and_T5_s1,random,79,2,1.5341106976817065,0.9777777777777776,0.9777777777777776,11.091539667510578,True,flow/0000/001
random_match_onto_T4_and_T5_s2,random,79,0,0.7601492989362167,0.5111111111111111,0.5333333333333333,5.680966879124871,True,flow/0000/001
random_match_onto_T4_and_T5_s2,random,79,1,0.8187201129015824,0.5555555555555556,0.5111111111111111,5.813660627492882,True,flow/0000/001
random_match_onto_T4_and_T5_s2,random,79,2,0.8094489277990766,0.6666666666666667,0.4888888888888889,5.454300518050584,True,flow/0000/001
random_match_from_photoreceptor_s0,random,44,0,0.8782555457527742,0.7333333333333334,0.5777777777777777,6.830834352478094,True,flow/0000/001
random_match_from_photoreceptor_s0,random,44,1,0.9191821275434082,0.6666666666666667,0.5555555555555556,6.732651061075128,True,flow/0000/001
random_match_from_photoreceptor_s0,random,44,2,0.892053627390777,0.8666666666666667,0.6222222222222222,6.881985671346671,True,flow/0000/001
random_match_from_photoreceptor_s1,random,44,0,1.484236302974525,1.0,0.8666666666666667,12.160815487394812,True,flow/0000/001
random_match_from_photoreceptor_s1,random,44,1,1.5494460362335003,0.9555555555555556,0.9555555555555556,10.809360626999462,True,flow/0000/001
random_match_from_photoreceptor_s1,random,44,2,1.4827706053311371,0.9555555555555556,0.9555555555555556,11.251033434726416,True,flow/0000/001
random_match_from_photoreceptor_s2,random,44,0,0.8778186534113579,0.6888888888888889,0.5111111111111111,5.596945721908682,True,flow/0000/001
random_match_from_photoreceptor_s2,random,44,1,0.9019171869503396,0.6666666666666667,0.6,5.813031337234679,True,flow/0000/001
random_match_from_photoreceptor_s2,random,44,2,0.8791436793775049,0.7777777777777778,0.5111111111111111,5.313647877912422,True,flow/0000/001
random_match_T4_canonical_input_s0,random,16,0,1.553478136003965,0.9777777777777776,0.8666666666666667,11.89647454123558,True,flow/0000/001
random_match_T4_canonical_input_s0,random,16,1,1.615490543386477,0.9777777777777776,0.9111111111111112,12.134002827504752,True,flow/0000/001
random_match_T4_canonical_input_s0,random,16,2,1.570688835192232,1.0,0.9555555555555556,11.10683937019082,True,flow/0000/001
random_match_T4_canonical_input_s1,random,16,0,1.4601015099755514,0.8888888888888888,0.8444444444444444,8.57691876572187,True,flow/0000/001
random_match_T4_canonical_input_s1,random,16,1,1.5265846821551603,0.9333333333333332,0.9111111111111112,9.028753963371903,True,flow/0000/001
random_match_T4_canonical_input_s1,random,16,2,1.4782676357463704,0.9555555555555556,0.8444444444444444,8.227149747334572,True,flow/0000/001
random_match_T4_canonical_input_s2,random,16,0,1.4053000680429664,0.9777777777777776,0.9111111111111112,9.826334389510272,True,flow/0000/001
random_match_T4_canonical_input_s2,random,16,1,1.467002952834102,0.9777777777777776,0.9777777777777776,9.477325145928017,True,flow/0000/001
random_match_T4_canonical_input_s2,random,16,2,1.4342951233315648,1.0,0.9333333333333332,9.159393649582752,True,flow/0000/001
